alias,formation
alluvium,Alluvium
dhekiajuli,Dhekiajuli
namsang,Namsang
girujan,Girujan
tipam,Tipam
barail,Barail
kopili,Kopili
sylhet,Sylhet
langpar,Langpar
basement,Basement
nordland gp,Nordland Gp
hordaland gp,Hordaland Gp
rogaland gp,Rogaland Gp
shetland gp,Shetland Gp
cromer knoll gp,Cromer Knoll Gp
viking gp,Viking Gp
hugin fm,Hugin Fm
skagerrak fm,Skagerrak Fm
smith bank fm,Smith Bank Fm
tipam sandstone,Tipam
tipam ss,Tipam
tipam fm,Tipam
barail group,Barail
barail coal shale,Barail
barail fm,Barail
girujan clay,Girujan
girujan clays,Girujan
kopili shale,Kopili
sylhet limestone,Sylhet
sylhet lst,Sylhet
hugin,Hugin Fm
hugin formation,Hugin Fm
draupne,Viking Gp
heather,Viking Gp
viking,Viking Gp
skagerrak,Skagerrak Fm
