code,name,is_trouble
1,Rig up / tear down / rig move,false
2,Drilling,false
3,Reaming,true
4,Coring,false
5,Circulate & condition mud,true
6,Trips,false
7,Service / maintain rig,false
8,Repair rig,false
9,Replacing drill line,false
10,Deviation survey,false
11,Wireline logs,false
12,Run casing & cement,false
13,Wait on cement,false
14,Rig up/down BOP,false
15,Test BOP,false
16,Drill stem test,false
17,Plug back,false
18,Squeeze cement,false
19,Fishing,true
20,Specialized directional work,false
21,Run/retrieve riser equipment,false
22,Surface testing,false
23,Other,false
24,Non-productive time,true
25,Operating status,false
26,Safety,false
27,Well control,true
28,Coiled tubing,false
29,Perforating,false
30,Tubing trips,false
31,Treating & well completion,false
32,Swabbing,false
33,Testing,false
34,Subsea installations,false
